user_id,name,join_date,country
u_0001,Khanh Do,2022-07-02,Vietnam
u_0002,Tuan Le,2021-05-03,Korea
u_0003,Xuan Dang,2022-05-25,USA
u_0004,An Bui,2021-08-16,Japan
u_0005,Ngoc Hoang,2020-09-01,UK
u_0006,Minh Phan,2022-05-14,Japan
u_0007,Binh Phan,2022-04-19,UK
u_0008,Giang Dang,2021-08-17,UK
u_0009,Viet Do,2020-12-24,Vietnam
u_0010,Giang Nguyen,2020-09-04,Vietnam
u_0011,Yen Pham,2021-04-16,Japan
u_0012,Khanh Pham,2021-02-18,Japan
u_0013,Yen Le,2021-09-05,Vietnam
u_0014,Xuan Le,2020-06-18,Korea
u_0015,Xuan Vu,2022-04-27,UK
u_0016,Tuan Dang,2020-11-23,France
u_0017,Xuan Dang,2022-11-26,Vietnam
u_0018,Dung Le,2021-02-12,Korea
u_0019,Binh Vu,2021-03-15,Vietnam
u_0020,Minh Tran,2020-12-03,Korea
u_0021,Yen Tran,2021-11-11,France
u_0022,Viet Bui,2021-04-27,UK
u_0023,Em Dang,2022-06-17,Vietnam
u_0024,Cuong Tran,2022-01-01,Vietnam
u_0025,Phuong Pham,2020-10-14,Japan
u_0026,Dung Vu,2022-09-07,France
u_0027,Tuan Dang,2021-04-21,France
u_0028,Yen Pham,2020-06-13,USA
u_0029,Cuong Nguyen,2022-02-27,Japan
u_0030,Tuan Bui,2020-11-03,USA
u_0031,Yen Dang,2021-05-25,Korea
u_0032,Yen Le,2022-03-13,UK
u_0033,Ngoc Dang,2022-01-11,Vietnam
u_0034,Giang Do,2022-06-09,Korea
u_0035,Yen Le,2022-07-31,Korea
u_0036,Thanh Vu,2022-08-07,UK
u_0037,Son Vu,2021-03-08,Japan
u_0038,Khanh Vu,2022-10-17,Vietnam
u_0039,Cuong Dang,2021-03-19,Korea
u_0040,An Bui,2022-11-18,Vietnam
u_0041,Minh Phan,2021-10-02,UK
u_0042,Quang Hoang,2021-12-20,Korea
u_0043,Dung Le,2022-10-20,USA
u_0044,Ngoc Dang,2022-11-26,Korea
u_0045,Yen Nguyen,2020-10-11,Japan
u_0046,Tuan Hoang,2022-04-24,USA
u_0047,Khanh Tran,2020-10-20,Japan
u_0048,Thanh Hoang,2022-10-02,Japan
u_0049,Tuan Le,2022-11-24,Korea
u_0050,Yen Dang,2022-05-29,France
u_0051,Quang Le,2022-10-14,USA
u_0052,Dung Nguyen,2020-12-14,Japan
u_0053,Giang Phan,2022-06-10,USA
u_0054,Minh Phan,2022-01-27,Vietnam
u_0055,Cuong Phan,2021-01-08,Korea
u_0056,Hien Pham,2022-01-12,France
u_0057,Hien Do,2020-11-25,Japan
u_0058,Tuan Pham,2021-09-10,USA
u_0059,Long Pham,2022-10-15,France
u_0060,Viet Pham,2020-07-24,France
u_0061,Thanh Pham,2021-09-15,USA
u_0062,Binh Hoang,2021-07-27,Korea
u_0063,An Vu,2020-11-06,Korea
u_0064,Giang Tran,2022-11-18,USA
u_0065,Dung Phan,2020-04-26,France
u_0066,Long Le,2020-06-22,Japan
u_0067,Dung Phan,2021-08-07,Japan
u_0068,Viet Nguyen,2022-06-30,Japan
u_0069,Quang Vu,2020-04-26,Vietnam
u_0070,Dung Le,2021-04-02,USA
u_0071,Quang Bui,2022-07-02,Vietnam
u_0072,Long Vu,2022-06-11,Vietnam
u_0073,Viet Nguyen,2022-03-16,Japan
u_0074,Quang Do,2021-09-20,Korea
u_0075,Khanh Pham,2021-06-18,Korea
u_0076,Ngoc Le,2020-06-16,UK
u_0077,Dung Nguyen,2020-12-15,Korea
u_0078,Khanh Hoang,2022-10-06,Korea
u_0079,An Phan,2020-06-16,Korea
u_0080,Giang Dang,2022-05-11,Vietnam
u_0081,Khanh Phan,2022-05-23,UK
u_0082,Phuong Pham,2021-06-18,USA
u_0083,Xuan Vu,2022-07-03,Vietnam
u_0084,Em Bui,2020-11-25,Korea
u_0085,Phuong Dang,2020-07-01,USA
u_0086,Cuong Tran,2022-11-18,UK
u_0087,Khanh Vu,2021-08-26,France
u_0088,Hien Le,2022-11-02,Vietnam
u_0089,Em Hoang,2020-06-06,Korea
u_0090,Hien Tran,2022-06-05,Japan
u_0091,Giang Vu,2021-04-21,France
u_0092,Hien Tran,2021-06-24,UK
u_0093,Ngoc Phan,2020-06-28,Korea
u_0094,Cuong Dang,2021-08-07,Korea
u_0095,Yen Pham,2021-11-03,Korea
u_0096,Dung Nguyen,2021-07-03,UK
u_0097,Minh Do,2021-09-21,Korea
u_0098,Khanh Pham,2021-12-28,Japan
u_0099,Khanh Hoang,2020-10-20,USA
u_0100,Son Nguyen,2020-09-21,USA
u_0101,Dung Tran,2022-02-15,Korea
u_0102,Hien Tran,2020-04-19,Japan
u_0103,Xuan Phan,2021-05-28,Korea
u_0104,Yen Bui,2020-08-29,Korea
u_0105,Em Phan,2020-07-25,USA
u_0106,Ngoc Nguyen,2022-02-25,Japan
u_0107,Minh Vu,2020-08-03,UK
u_0108,Dung Dang,2021-11-17,France
u_0109,Minh Bui,2022-05-14,USA
u_0110,Long Le,2020-11-16,USA
u_0111,Son Phan,2021-03-01,Vietnam
u_0112,Viet Phan,2020-07-22,France
u_0113,Viet Nguyen,2022-09-21,Japan
u_0114,Long Dang,2021-11-08,USA
u_0115,Hien Le,2021-03-08,Vietnam
u_0116,Xuan Do,2021-07-12,USA
u_0117,Dung Bui,2022-01-16,Korea
u_0118,Binh Vu,2021-01-30,Korea
u_0119,Phuong Bui,2020-12-02,USA
u_0120,Phuong Vu,2021-12-24,France
u_0121,Minh Phan,2021-10-04,USA
u_0122,Viet Nguyen,2021-10-16,UK
u_0123,Em Bui,2021-03-09,Korea
u_0124,Khanh Dang,2021-12-04,USA
u_0125,Em Phan,2020-12-17,France
u_0126,Ngoc Pham,2022-05-24,Korea
u_0127,An Tran,2022-02-10,France
u_0128,Giang Vu,2021-08-05,Korea
u_0129,Giang Hoang,2021-11-23,Vietnam
u_0130,Binh Bui,2020-12-07,USA
u_0131,Minh Do,2020-08-18,Korea
u_0132,Quang Tran,2020-11-14,Japan
u_0133,Thanh Phan,2022-02-01,France
u_0134,Cuong Le,2022-05-21,Japan
u_0135,Binh Hoang,2020-11-26,UK
u_0136,Xuan Le,2021-01-24,Vietnam
u_0137,Dung Bui,2022-09-17,UK
u_0138,Tuan Pham,2022-05-20,Japan
u_0139,Thanh Dang,2021-07-02,France
u_0140,Binh Bui,2020-11-25,Korea
u_0141,Tuan Le,2021-03-08,Korea
u_0142,Tuan Le,2020-10-18,Korea
u_0143,Tuan Phan,2021-03-12,UK
u_0144,Hien Phan,2022-10-16,UK
u_0145,Cuong Do,2021-09-25,Korea
u_0146,Ngoc Phan,2021-09-01,Vietnam
u_0147,Xuan Tran,2022-02-11,USA
u_0148,Giang Bui,2021-05-15,UK
u_0149,Quang Pham,2021-06-02,UK
u_0150,Xuan Le,2020-07-07,USA
u_0151,Minh Vu,2020-06-28,Korea
u_0152,An Tran,2022-10-31,Vietnam
u_0153,Tuan Le,2022-05-19,UK
u_0154,Xuan Phan,2020-08-07,Japan
u_0155,Khanh Phan,2021-09-02,France
u_0156,Giang Tran,2021-08-27,USA
u_0157,Thanh Pham,2022-01-12,Vietnam
u_0158,Tuan Dang,2021-10-15,Korea
u_0159,Binh Le,2021-08-02,Japan
u_0160,Xuan Dang,2020-06-06,USA
u_0161,Cuong Vu,2020-12-23,UK
u_0162,Binh Tran,2022-03-23,UK
u_0163,Thanh Do,2020-05-30,Korea
u_0164,Em Nguyen,2022-09-10,Japan
u_0165,Hien Do,2021-11-10,Korea
u_0166,Ngoc Pham,2020-08-22,Korea
u_0167,Minh Do,2021-07-25,USA
u_0168,Xuan Nguyen,2020-10-23,Korea
u_0169,Hien Dang,2022-12-01,USA
u_0170,An Nguyen,2020-12-25,USA
u_0171,Giang Bui,2020-06-10,Japan
u_0172,Cuong Do,2020-07-05,USA
u_0173,Giang Hoang,2021-05-20,Vietnam
u_0174,Khanh Nguyen,2020-06-08,France
u_0175,Em Pham,2022-02-12,USA
u_0176,Khanh Tran,2021-01-03,Korea
u_0177,An Dang,2022-08-10,USA
u_0178,Yen Vu,2022-05-03,Korea
u_0179,Viet Le,2021-07-27,Vietnam
u_0180,Son Le,2020-06-04,Korea
u_0181,Ngoc Pham,2020-05-19,UK
u_0182,Son Do,2020-05-30,UK
u_0183,Khanh Nguyen,2021-05-05,Vietnam
u_0184,Viet Vu,2021-07-01,Vietnam
u_0185,Minh Tran,2021-09-30,USA
u_0186,Dung Le,2021-05-31,France
u_0187,Xuan Do,2020-10-31,Korea
u_0188,Quang Bui,2021-05-02,Japan
u_0189,Viet Do,2021-10-27,Vietnam
u_0190,Tuan Pham,2020-05-21,Japan
u_0191,Quang Tran,2021-07-26,Japan
u_0192,An Phan,2021-06-06,France
u_0193,Long Phan,2022-06-03,UK
u_0194,Viet Tran,2022-10-26,USA
u_0195,An Phan,2020-08-07,Vietnam
u_0196,Minh Tran,2020-09-24,France
u_0197,Long Pham,2022-09-17,Vietnam
u_0198,Hien Do,2020-07-10,Japan
u_0199,Ngoc Le,2022-01-26,Vietnam
u_0200,Phuong Pham,2021-11-30,UK
u_0201,Binh Vu,2021-02-03,France
u_0202,Hien Vu,2021-08-03,UK
u_0203,Cuong Pham,2021-05-18,Vietnam
u_0204,Tuan Dang,2022-04-17,France
u_0205,An Phan,2022-05-15,USA
u_0206,Hien Hoang,2022-10-21,Japan
u_0207,Viet Do,2021-01-22,Japan
u_0208,Yen Pham,2022-07-01,Korea
u_0209,Yen Hoang,2022-04-09,Korea
u_0210,Quang Bui,2021-04-23,USA
u_0211,Thanh Phan,2020-10-07,USA
u_0212,Hien Bui,2021-12-13,Japan
u_0213,Viet Vu,2021-06-17,Vietnam
u_0214,Hien Dang,2022-11-24,UK
u_0215,Minh Hoang,2021-12-03,France
u_0216,Quang Pham,2020-07-30,USA
u_0217,Cuong Le,2021-12-29,France
u_0218,An Nguyen,2022-10-11,Korea
u_0219,Hien Tran,2022-11-10,UK
u_0220,Tuan Bui,2020-10-21,Japan
u_0221,Quang Pham,2021-07-29,Japan
u_0222,Quang Pham,2021-09-16,Korea
u_0223,Viet Phan,2021-05-18,USA
u_0224,Thanh Bui,2020-06-12,UK
u_0225,Ngoc Le,2020-06-07,Vietnam
u_0226,Viet Bui,2021-07-02,Vietnam
u_0227,Phuong Vu,2022-06-29,Japan
u_0228,Xuan Phan,2022-04-27,Korea
u_0229,Phuong Phan,2022-10-13,Japan
u_0230,Minh Le,2022-07-28,Vietnam
u_0231,Yen Phan,2022-09-14,USA
u_0232,Dung Bui,2022-01-27,UK
u_0233,Khanh Pham,2022-02-23,Vietnam
u_0234,Phuong Vu,2022-04-19,Japan
u_0235,Yen Tran,2021-02-20,UK
u_0236,Khanh Dang,2021-06-26,Korea
u_0237,Ngoc Bui,2021-09-27,USA
u_0238,Xuan Le,2021-04-22,Vietnam
u_0239,Xuan Vu,2020-10-26,Korea
u_0240,Minh Do,2021-05-10,Korea
u_0241,Thanh Pham,2022-04-23,Korea
u_0242,Hien Dang,2021-11-05,UK
u_0243,Ngoc Nguyen,2020-11-18,Vietnam
u_0244,Viet Vu,2021-07-11,USA
u_0245,Binh Do,2020-07-12,UK
u_0246,Long Dang,2020-10-31,Korea
u_0247,Yen Tran,2022-10-18,Korea
u_0248,Minh Nguyen,2022-11-21,UK
u_0249,Long Dang,2022-09-28,France
u_0250,An Bui,2020-11-09,Vietnam
u_0251,Binh Hoang,2020-10-08,UK
u_0252,Long Tran,2022-10-04,UK
u_0253,Khanh Phan,2021-12-05,Vietnam
u_0254,Em Bui,2020-11-15,UK
u_0255,Tuan Dang,2021-01-25,USA
u_0256,Em Phan,2022-06-05,Korea
u_0257,Tuan Phan,2021-06-27,UK
u_0258,Khanh Hoang,2021-11-15,Japan
u_0259,Xuan Tran,2022-11-04,Japan
u_0260,Long Vu,2022-02-01,USA
u_0261,Quang Nguyen,2021-02-24,Japan
u_0262,Hien Dang,2021-07-03,France
u_0263,Phuong Hoang,2022-08-24,UK
u_0264,Em Bui,2022-04-07,Vietnam
u_0265,Long Bui,2022-02-18,Korea
u_0266,Quang Nguyen,2021-03-30,France
u_0267,Son Bui,2021-05-13,Korea
u_0268,An Tran,2021-02-15,USA
u_0269,Quang Phan,2021-02-21,USA
u_0270,Son Le,2021-01-06,France
u_0271,Em Do,2020-11-13,USA
u_0272,Viet Dang,2021-07-27,USA
u_0273,An Le,2022-04-11,Japan
u_0274,Dung Dang,2021-12-28,Korea
u_0275,Khanh Tran,2020-07-28,France
u_0276,Giang Tran,2021-08-12,Korea
u_0277,Minh Bui,2021-12-16,USA
u_0278,Binh Hoang,2022-11-10,USA
u_0279,Em Dang,2021-05-26,Korea
u_0280,Xuan Do,2021-05-29,Japan
u_0281,Viet Bui,2020-10-16,USA
u_0282,Thanh Pham,2020-06-13,Japan
u_0283,Tuan Vu,2022-03-10,Vietnam
u_0284,Son Pham,2020-04-08,France
u_0285,An Pham,2022-06-25,UK
u_0286,Minh Tran,2022-09-03,USA
u_0287,Binh Hoang,2020-08-23,Vietnam
u_0288,Xuan Pham,2022-11-14,Korea
u_0289,Minh Phan,2021-03-24,UK
u_0290,Cuong Vu,2022-04-08,UK
u_0291,Giang Phan,2022-02-07,Korea
u_0292,Em Le,2022-11-27,Japan
u_0293,Ngoc Phan,2022-03-02,UK
u_0294,Binh Pham,2020-07-10,France
u_0295,Phuong Do,2021-12-05,USA
u_0296,An Bui,2021-11-21,Japan
u_0297,Quang Le,2022-01-20,France
u_0298,Yen Le,2021-03-13,Vietnam
u_0299,Giang Phan,2021-07-09,Japan
u_0300,Tuan Tran,2022-06-10,USA
u_0301,Xuan Bui,2022-02-01,Vietnam
u_0302,Quang Hoang,2020-12-28,France
u_0303,Long Le,2020-06-27,Vietnam
u_0304,Quang Pham,2020-12-25,Korea
u_0305,Hien Bui,2020-07-12,Vietnam
u_0306,Binh Bui,2020-05-14,France
u_0307,Son Tran,2020-07-30,Vietnam
u_0308,Dung Vu,2021-04-23,France
u_0309,Thanh Le,2022-04-19,France
u_0310,Dung Le,2020-08-27,USA
u_0311,Em Le,2020-07-20,Korea
u_0312,Son Vu,2022-03-30,UK
u_0313,Ngoc Nguyen,2022-07-25,USA
u_0314,Khanh Hoang,2022-04-04,UK
u_0315,Cuong Bui,2022-07-24,Korea
u_0316,Viet Hoang,2021-12-13,France
u_0317,Khanh Tran,2020-10-02,UK
u_0318,Long Hoang,2021-09-05,Japan
u_0319,Dung Hoang,2021-04-15,USA
u_0320,Em Pham,2022-01-25,USA
u_0321,Dung Vu,2021-02-10,Vietnam
u_0322,Khanh Do,2022-11-05,Vietnam
u_0323,Quang Vu,2021-06-04,Korea
u_0324,Ngoc Vu,2022-04-03,UK
u_0325,Viet Bui,2022-02-01,Korea
u_0326,Dung Do,2022-06-05,France
u_0327,Minh Do,2021-05-25,UK
u_0328,Xuan Vu,2021-06-22,Vietnam
u_0329,Xuan Tran,2020-05-28,UK
u_0330,Long Tran,2020-09-02,Japan
u_0331,Giang Vu,2020-11-22,Vietnam
u_0332,Long Phan,2020-10-30,USA
u_0333,Ngoc Nguyen,2022-06-21,Vietnam
u_0334,Quang Nguyen,2022-11-16,Korea
u_0335,Thanh Pham,2021-03-12,USA
u_0336,Phuong Vu,2021-11-28,France
u_0337,Viet Nguyen,2022-08-03,Japan
u_0338,Cuong Bui,2021-03-12,Japan
u_0339,Long Le,2020-04-06,Japan
u_0340,Ngoc Dang,2021-11-07,Korea
u_0341,Ngoc Vu,2021-04-08,France
u_0342,Yen Tran,2021-01-19,Japan
u_0343,Em Do,2022-10-01,UK
u_0344,Em Le,2022-05-03,Vietnam
u_0345,Cuong Nguyen,2020-04-15,Japan
u_0346,Phuong Pham,2021-05-30,UK
u_0347,Binh Hoang,2021-02-14,UK
u_0348,An Pham,2022-09-26,France
u_0349,Son Phan,2020-08-05,USA
u_0350,Xuan Bui,2022-09-26,Korea
u_0351,Tuan Hoang,2022-08-10,France
u_0352,Khanh Bui,2021-04-23,Korea
u_0353,Khanh Nguyen,2021-08-09,USA
u_0354,Quang Le,2022-11-25,France
u_0355,Quang Hoang,2020-09-10,France
u_0356,Phuong Bui,2022-11-12,France
u_0357,Phuong Vu,2021-06-08,Korea
u_0358,Quang Bui,2021-01-25,France
u_0359,Dung Bui,2022-06-15,Korea
u_0360,Long Dang,2020-05-17,France
u_0361,Binh Do,2021-11-30,UK
u_0362,Cuong Tran,2020-12-14,Japan
u_0363,Giang Bui,2021-09-30,Japan
u_0364,Son Bui,2022-07-22,USA
u_0365,Hien Le,2021-02-22,Korea
u_0366,Hien Pham,2020-09-01,UK
u_0367,Thanh Pham,2021-02-03,Vietnam
u_0368,Minh Nguyen,2021-12-20,Korea
u_0369,Phuong Le,2022-03-27,UK
u_0370,Em Dang,2022-01-29,France
u_0371,Cuong Vu,2020-07-15,USA
u_0372,Giang Bui,2021-08-28,France
u_0373,Cuong Do,2020-04-12,France
u_0374,Phuong Dang,2022-10-29,France
u_0375,Long Vu,2020-04-21,Japan
u_0376,Quang Le,2021-03-31,UK
u_0377,Khanh Pham,2021-11-25,USA
u_0378,Giang Nguyen,2020-11-23,France
u_0379,Cuong Vu,2021-03-02,Vietnam
u_0380,Tuan Le,2021-11-29,UK
u_0381,Em Hoang,2022-09-21,Korea
u_0382,Dung Bui,2021-02-16,USA
u_0383,Tuan Tran,2022-01-08,USA
u_0384,Giang Pham,2022-10-01,UK
u_0385,Yen Nguyen,2021-09-17,Japan
u_0386,Cuong Bui,2021-08-22,UK
u_0387,Minh Tran,2020-07-11,USA
u_0388,Xuan Vu,2020-04-23,Vietnam
u_0389,Long Bui,2021-09-05,UK
u_0390,Xuan Tran,2021-06-17,Japan
u_0391,Long Dang,2020-12-13,USA
u_0392,An Dang,2020-05-04,UK
u_0393,Binh Le,2022-09-05,Vietnam
u_0394,Long Le,2020-11-05,Japan
u_0395,Em Hoang,2022-09-08,UK
u_0396,Giang Bui,2022-06-23,UK
u_0397,Yen Dang,2022-04-11,Vietnam
u_0398,Hien Tran,2022-03-09,Japan
u_0399,Tuan Vu,2022-03-15,UK
u_0400,Son Nguyen,2021-07-16,USA
u_0401,Phuong Phan,2021-10-24,Korea
u_0402,Xuan Hoang,2021-11-01,Korea
u_0403,Viet Phan,2020-05-11,UK
u_0404,Thanh Do,2021-03-23,USA
u_0405,Khanh Bui,2021-08-04,Vietnam
u_0406,Son Bui,2021-09-20,Japan
u_0407,Son Hoang,2022-08-07,France
u_0408,Binh Phan,2021-07-19,Japan
u_0409,Tuan Vu,2022-08-08,USA
u_0410,Ngoc Nguyen,2020-12-08,UK
u_0411,An Nguyen,2020-08-12,UK
u_0412,Khanh Dang,2022-10-01,USA
u_0413,Ngoc Nguyen,2021-01-22,Japan
u_0414,Khanh Nguyen,2022-01-24,Vietnam
u_0415,Khanh Do,2021-08-06,USA
u_0416,Phuong Vu,2021-12-15,UK
u_0417,Quang Le,2022-05-02,UK
u_0418,Cuong Nguyen,2021-03-22,France
u_0419,Giang Nguyen,2021-07-20,Japan
u_0420,Long Tran,2022-03-14,France
u_0421,Long Hoang,2021-12-24,Japan
u_0422,Ngoc Pham,2020-07-13,USA
u_0423,Dung Vu,2020-04-26,France
u_0424,Em Tran,2022-06-17,Vietnam
u_0425,Long Hoang,2020-09-12,Korea
u_0426,Binh Vu,2020-10-10,UK
u_0427,Ngoc Phan,2022-05-10,USA
u_0428,Em Tran,2022-05-12,Korea
u_0429,Phuong Hoang,2020-11-03,France
u_0430,Minh Phan,2020-07-01,France
u_0431,Dung Dang,2021-03-25,Vietnam
u_0432,Em Vu,2022-06-12,Japan
u_0433,Dung Do,2022-05-20,UK
u_0434,Dung Tran,2022-01-15,Japan
u_0435,Em Dang,2022-06-22,France
u_0436,Khanh Tran,2020-12-27,Vietnam
u_0437,Phuong Hoang,2021-02-13,UK
u_0438,Tuan Pham,2022-02-04,France
u_0439,Hien Pham,2020-11-22,USA
u_0440,Minh Hoang,2020-08-10,Japan
u_0441,Tuan Hoang,2020-10-26,UK
u_0442,Dung Do,2021-04-27,USA
u_0443,Thanh Hoang,2020-06-26,France
u_0444,Thanh Pham,2020-06-10,UK
u_0445,Thanh Bui,2020-07-05,Japan
u_0446,Ngoc Tran,2021-10-08,UK
u_0447,Khanh Phan,2020-10-04,Japan
u_0448,Long Phan,2021-09-17,France
u_0449,Hien Phan,2020-07-12,Japan
u_0450,An Phan,2021-09-03,UK
u_0451,Viet Nguyen,2021-03-05,Japan
u_0452,Hien Do,2022-10-08,France
u_0453,Long Le,2021-06-04,Korea
u_0454,Tuan Vu,2022-09-22,USA
u_0455,Xuan Hoang,2022-04-15,UK
u_0456,Yen Nguyen,2020-10-19,UK
u_0457,Thanh Do,2021-11-12,UK
u_0458,Minh Do,2022-01-11,Korea
u_0459,Phuong Pham,2022-05-30,UK
u_0460,Hien Pham,2021-09-11,Vietnam
u_0461,Khanh Phan,2020-09-16,France
u_0462,Minh Phan,2021-12-18,Korea
u_0463,Dung Do,2020-12-11,Korea
u_0464,Minh Nguyen,2022-08-20,Japan
u_0465,Binh Hoang,2021-04-30,Japan
u_0466,Son Pham,2022-02-20,Korea
u_0467,Giang Phan,2022-03-29,USA
u_0468,An Phan,2022-11-12,France
u_0469,Em Nguyen,2021-04-03,USA
u_0470,Son Le,2021-06-28,USA
u_0471,Ngoc Tran,2020-09-21,Japan
u_0472,Khanh Phan,2021-04-08,France
u_0473,Dung Tran,2021-01-02,Japan
u_0474,An Phan,2020-05-05,Japan
u_0475,Xuan Do,2021-11-13,Korea
u_0476,Khanh Bui,2021-01-28,Japan
u_0477,Em Le,2021-10-09,USA
u_0478,Phuong Le,2020-07-31,Vietnam
u_0479,Xuan Pham,2022-01-20,Korea
u_0480,Ngoc Hoang,2021-04-15,Vietnam
u_0481,Giang Tran,2021-08-23,UK
u_0482,Em Do,2022-04-18,France
u_0483,Minh Hoang,2020-10-20,Vietnam
u_0484,Dung Phan,2021-07-22,UK
u_0485,Minh Bui,2021-06-24,Vietnam
u_0486,Em Pham,2020-04-06,USA
u_0487,Son Bui,2021-01-17,Japan
u_0488,An Dang,2021-05-10,UK
u_0489,Long Tran,2020-09-12,France
u_0490,Xuan Bui,2020-09-14,Japan
u_0491,Hien Le,2022-04-07,France
u_0492,Long Nguyen,2020-10-04,Japan
u_0493,Long Phan,2022-04-30,Korea
u_0494,Son Hoang,2022-07-06,Japan
u_0495,An Bui,2022-12-02,Japan
u_0496,Cuong Do,2022-03-06,Korea
u_0497,Giang Nguyen,2021-04-25,Japan
u_0498,Son Vu,2022-03-11,France
u_0499,Dung Do,2021-04-05,Japan
u_0500,Thanh Le,2022-10-13,Korea
u_0501,Viet Vu,2021-05-01,UK
u_0502,Quang Tran,2022-09-28,UK
u_0503,Long Phan,2022-06-05,France
u_0504,Minh Nguyen,2020-08-28,France
u_0505,Binh Do,2020-04-20,USA
u_0506,Quang Hoang,2020-04-25,France
u_0507,Ngoc Vu,2021-05-07,Korea
u_0508,Giang Do,2022-02-05,Korea
u_0509,Yen Do,2020-12-11,France
u_0510,Hien Nguyen,2022-11-30,Korea
u_0511,Yen Pham,2021-08-15,Vietnam
u_0512,Son Do,2022-01-24,Vietnam
u_0513,Cuong Tran,2022-06-30,France
u_0514,Long Pham,2021-11-23,France
u_0515,An Le,2022-01-25,France
u_0516,Yen Do,2022-09-19,Vietnam
u_0517,Em Bui,2021-03-31,UK
u_0518,Dung Dang,2021-06-24,Korea
u_0519,Ngoc Tran,2021-03-08,USA
u_0520,Viet Vu,2020-07-02,Vietnam
u_0521,Giang Pham,2022-09-15,Japan
u_0522,An Pham,2021-10-23,USA
u_0523,Yen Phan,2021-11-15,UK
u_0524,Cuong Le,2021-08-01,UK
u_0525,Ngoc Vu,2021-11-11,UK
u_0526,Son Do,2022-03-30,France
u_0527,Tuan Tran,2021-01-17,Korea
u_0528,Giang Le,2021-11-04,Vietnam
u_0529,Thanh Hoang,2022-06-05,UK
u_0530,Dung Phan,2021-03-19,Korea
u_0531,Thanh Le,2022-06-15,France
u_0532,Xuan Vu,2020-08-27,Vietnam
u_0533,Hien Tran,2020-12-01,Japan
u_0534,Em Pham,2022-04-01,UK
u_0535,Hien Vu,2020-11-16,France
u_0536,Thanh Hoang,2022-05-11,USA
u_0537,Tuan Tran,2021-01-08,France
u_0538,Giang Bui,2022-06-14,France
u_0539,Cuong Vu,2021-11-13,Vietnam
u_0540,Ngoc Vu,2021-11-08,UK
u_0541,Ngoc Pham,2021-03-10,Vietnam
u_0542,Hien Dang,2021-09-29,UK
u_0543,Xuan Pham,2020-08-06,Japan
u_0544,Cuong Dang,2021-05-31,USA
u_0545,Viet Bui,2020-04-22,Japan
u_0546,Xuan Tran,2022-05-14,UK
u_0547,Giang Tran,2021-04-03,France
u_0548,Hien Pham,2020-05-31,Japan
u_0549,Dung Hoang,2021-07-03,Japan
u_0550,Thanh Tran,2021-05-21,Korea
u_0551,Ngoc Le,2021-10-05,Japan
u_0552,Khanh Vu,2021-09-03,France
u_0553,Son Bui,2020-11-07,USA
u_0554,Viet Pham,2021-03-23,France
u_0555,Phuong Nguyen,2021-07-11,Korea
u_0556,Son Le,2021-06-28,USA
u_0557,Yen Pham,2021-12-06,Japan
u_0558,Tuan Pham,2020-06-01,UK
u_0559,An Dang,2022-12-01,USA
u_0560,Ngoc Nguyen,2022-01-11,UK
u_0561,Tuan Tran,2022-07-02,France
u_0562,Long Do,2020-11-18,UK
u_0563,Giang Bui,2021-05-12,Korea
u_0564,Em Tran,2020-06-23,France
u_0565,Em Do,2022-10-23,Korea
u_0566,Tuan Hoang,2021-04-09,Vietnam
u_0567,An Pham,2021-07-25,Vietnam
u_0568,Yen Vu,2021-12-01,UK
u_0569,Dung Tran,2020-08-20,UK
u_0570,Tuan Phan,2021-01-24,UK
u_0571,Binh Pham,2022-05-31,Vietnam
u_0572,Hien Tran,2020-11-07,Korea
u_0573,Xuan Pham,2021-05-25,UK
u_0574,Son Nguyen,2021-07-14,France
u_0575,Viet Pham,2022-06-21,UK
u_0576,Em Bui,2021-09-19,Vietnam
u_0577,Minh Nguyen,2022-03-27,Vietnam
u_0578,Quang Tran,2021-07-16,USA
u_0579,Viet Hoang,2022-06-03,France
u_0580,Binh Le,2021-05-16,Korea
u_0581,Minh Le,2022-06-13,Korea
u_0582,Binh Tran,2022-04-30,Vietnam
u_0583,Ngoc Vu,2022-03-24,Korea
u_0584,Khanh Pham,2020-06-06,UK
u_0585,Giang Hoang,2021-03-18,Vietnam
u_0586,Hien Pham,2021-06-04,Korea
u_0587,Son Tran,2021-06-25,France
u_0588,Phuong Tran,2020-11-25,Korea
u_0589,Viet Pham,2020-12-27,UK
u_0590,Son Bui,2022-02-20,Japan
u_0591,Minh Phan,2020-08-11,Vietnam
u_0592,Long Hoang,2021-01-21,USA
u_0593,Dung Le,2022-10-25,USA
u_0594,Yen Bui,2020-10-03,UK
u_0595,Phuong Le,2022-03-26,UK
u_0596,Dung Vu,2022-10-30,Korea
u_0597,Viet Dang,2022-09-29,Vietnam
u_0598,Yen Phan,2021-04-17,Japan
u_0599,Quang Tran,2020-08-14,Vietnam
u_0600,Dung Bui,2022-01-22,UK
u_0601,Cuong Do,2021-05-06,Vietnam
u_0602,Khanh Le,2020-07-29,France
u_0603,Cuong Tran,2022-05-01,USA
u_0604,Hien Bui,2020-09-22,USA
u_0605,Cuong Vu,2022-11-24,USA
u_0606,Thanh Nguyen,2022-08-03,UK
u_0607,Binh Vu,2020-06-02,USA
u_0608,Hien Pham,2020-05-24,UK
u_0609,Yen Vu,2021-01-18,UK
u_0610,Dung Le,2020-11-28,Vietnam
u_0611,Binh Phan,2020-07-14,UK
u_0612,Minh Bui,2021-01-25,Korea
u_0613,Yen Vu,2022-09-13,USA
u_0614,Quang Vu,2021-09-13,USA
u_0615,Thanh Bui,2020-08-07,USA
u_0616,Ngoc Nguyen,2021-12-30,Japan
u_0617,Hien Dang,2022-03-02,France
u_0618,Phuong Do,2020-08-03,Korea
u_0619,Quang Nguyen,2021-03-20,USA
u_0620,Khanh Le,2020-06-17,Japan
u_0621,Phuong Dang,2022-11-12,France
u_0622,Thanh Le,2021-12-29,USA
u_0623,Giang Nguyen,2021-04-19,Korea
u_0624,Phuong Hoang,2021-01-07,Vietnam
u_0625,Son Le,2022-08-01,Korea
u_0626,Khanh Phan,2020-12-02,USA
u_0627,An Bui,2021-09-25,Vietnam
u_0628,Ngoc Nguyen,2021-11-25,France
u_0629,Long Hoang,2020-07-16,UK
u_0630,Khanh Nguyen,2022-05-08,Vietnam
u_0631,Khanh Pham,2022-06-20,Korea
u_0632,Ngoc Nguyen,2021-09-27,Korea
u_0633,Thanh Vu,2022-03-25,Korea
u_0634,Cuong Tran,2021-02-01,UK
u_0635,Dung Dang,2021-11-22,USA
u_0636,Tuan Bui,2020-09-22,France
u_0637,Binh Le,2022-11-20,Korea
u_0638,Xuan Do,2021-05-03,Vietnam
u_0639,Binh Do,2022-01-29,UK
u_0640,Yen Tran,2020-05-22,Japan
u_0641,Ngoc Pham,2020-09-28,UK
u_0642,Binh Vu,2021-03-03,UK
u_0643,Dung Dang,2021-06-19,France
u_0644,Binh Le,2021-05-27,Korea
u_0645,An Le,2021-04-25,Vietnam
u_0646,Hien Do,2020-11-01,France
u_0647,Xuan Nguyen,2022-08-03,Vietnam
u_0648,Em Dang,2020-11-13,USA
u_0649,Giang Le,2021-12-08,USA
u_0650,Viet Vu,2020-05-30,UK
u_0651,Minh Pham,2021-07-15,France
u_0652,Minh Bui,2020-10-02,Vietnam
u_0653,Giang Nguyen,2022-02-12,Vietnam
u_0654,Khanh Bui,2022-05-14,Korea
u_0655,Tuan Nguyen,2021-07-25,USA
u_0656,An Dang,2022-02-14,France
u_0657,Giang Pham,2021-01-22,Vietnam
u_0658,An Bui,2020-04-25,France
u_0659,Quang Dang,2022-08-26,UK
u_0660,Phuong Le,2021-09-03,France
u_0661,Cuong Bui,2021-04-02,UK
u_0662,Quang Hoang,2020-05-04,France
u_0663,Cuong Phan,2020-05-06,Japan
u_0664,An Nguyen,2021-08-08,Korea
u_0665,Hien Do,2020-09-11,Korea
u_0666,Hien Bui,2022-09-21,Korea
u_0667,Hien Dang,2020-05-26,France
u_0668,Viet Tran,2020-09-27,France
u_0669,Viet Hoang,2020-07-04,Japan
u_0670,Khanh Pham,2022-11-21,Japan
u_0671,Son Bui,2022-05-08,France
u_0672,Long Bui,2021-08-07,Korea
u_0673,Em Hoang,2022-10-27,Vietnam
u_0674,Minh Pham,2022-05-28,Korea
u_0675,Xuan Dang,2020-11-24,Vietnam
u_0676,Ngoc Bui,2022-04-10,Vietnam
u_0677,An Dang,2022-03-05,France
u_0678,Phuong Tran,2020-12-09,Korea
u_0679,Tuan Phan,2021-02-04,Japan
u_0680,Son Tran,2020-06-03,Japan
u_0681,Tuan Phan,2020-11-18,Vietnam
u_0682,Tuan Pham,2022-05-20,France
u_0683,Khanh Vu,2022-03-14,Vietnam
u_0684,Ngoc Dang,2022-02-22,USA
u_0685,Long Dang,2021-02-12,Korea
u_0686,Binh Le,2022-07-02,USA
u_0687,Viet Hoang,2021-03-14,UK
u_0688,Em Le,2020-04-23,USA
u_0689,An Nguyen,2020-07-28,Japan
u_0690,Binh Bui,2020-10-17,Japan
u_0691,Son Hoang,2022-05-03,USA
u_0692,Ngoc Dang,2022-10-23,UK
u_0693,Long Bui,2021-05-13,USA
u_0694,Quang Pham,2021-12-16,France
u_0695,Son Tran,2021-06-07,France
u_0696,Phuong Nguyen,2022-08-13,France
u_0697,Binh Hoang,2020-11-30,Vietnam
u_0698,Binh Pham,2021-11-17,Japan
u_0699,Minh Pham,2021-01-28,UK
u_0700,Minh Do,2022-01-08,USA
u_0701,Hien Dang,2020-12-02,UK
u_0702,Binh Tran,2020-08-04,Korea
u_0703,Son Nguyen,2022-02-03,UK
u_0704,Long Bui,2021-04-30,Japan
u_0705,Em Do,2020-07-15,UK
u_0706,Khanh Phan,2022-04-16,Vietnam
u_0707,Quang Vu,2021-08-02,France
u_0708,Phuong Hoang,2020-11-23,Vietnam
u_0709,Ngoc Pham,2021-05-06,USA
u_0710,Son Bui,2021-03-19,UK
u_0711,Cuong Phan,2022-02-28,Japan
u_0712,Thanh Le,2021-05-26,Japan
u_0713,An Nguyen,2022-05-13,Japan
u_0714,Thanh Dang,2021-10-30,Vietnam
u_0715,Cuong Bui,2021-01-07,USA
u_0716,Xuan Dang,2022-11-21,Vietnam
u_0717,Hien Tran,2020-06-14,UK
u_0718,Minh Do,2020-07-14,Vietnam
u_0719,Giang Hoang,2022-07-29,Japan
u_0720,Dung Nguyen,2022-02-08,France
u_0721,Giang Hoang,2020-05-24,Vietnam
u_0722,Minh Do,2022-04-28,Japan
u_0723,Xuan Nguyen,2020-10-11,UK
u_0724,Ngoc Do,2020-05-04,Korea
u_0725,Binh Le,2022-09-20,Japan
u_0726,Ngoc Do,2021-07-02,Japan
u_0727,Binh Tran,2020-12-30,USA
u_0728,Thanh Pham,2021-06-04,UK
u_0729,Xuan Le,2022-01-12,Japan
u_0730,Viet Bui,2022-10-11,Korea
u_0731,Dung Bui,2021-07-06,Korea
u_0732,Cuong Nguyen,2021-11-11,Japan
u_0733,An Nguyen,2020-05-24,Vietnam
u_0734,Xuan Dang,2022-09-18,France
u_0735,Phuong Do,2022-11-02,Korea
u_0736,An Vu,2021-01-12,Korea
u_0737,Ngoc Nguyen,2021-04-28,France
u_0738,Quang Dang,2021-04-15,Korea
u_0739,Viet Do,2022-09-09,France
u_0740,Ngoc Do,2021-11-04,France
u_0741,Quang Dang,2021-06-19,USA
u_0742,Thanh Do,2022-08-14,UK
u_0743,Ngoc Bui,2020-05-13,Japan
u_0744,Binh Tran,2022-11-10,France
u_0745,Quang Do,2021-08-18,UK
u_0746,Viet Hoang,2020-05-31,Korea
u_0747,Thanh Pham,2020-11-07,France
u_0748,Thanh Bui,2022-10-11,UK
u_0749,Long Hoang,2022-07-20,Japan
u_0750,An Do,2020-08-29,Korea
u_0751,Long Nguyen,2020-07-02,USA
u_0752,Thanh Le,2021-04-02,Japan
u_0753,Quang Bui,2022-09-08,USA
u_0754,Giang Nguyen,2020-08-15,Japan
u_0755,Viet Tran,2021-09-27,Korea
u_0756,Long Pham,2021-08-02,Korea
u_0757,Thanh Phan,2021-03-08,Korea
u_0758,Viet Vu,2021-03-28,Vietnam
u_0759,Xuan Tran,2021-05-11,Vietnam
u_0760,Khanh Phan,2021-06-29,Korea
u_0761,Minh Le,2022-11-30,France
u_0762,Thanh Bui,2022-07-24,Korea
u_0763,Phuong Dang,2022-01-23,Vietnam
u_0764,Viet Tran,2021-07-14,Japan
u_0765,Long Dang,2020-04-18,Korea
u_0766,Son Vu,2021-02-02,Japan
u_0767,Ngoc Pham,2022-09-02,USA
u_0768,Xuan Pham,2021-06-25,USA
u_0769,Minh Bui,2021-05-08,UK
u_0770,Quang Le,2021-12-04,UK
u_0771,Khanh Phan,2020-12-01,USA
u_0772,Khanh Vu,2021-11-06,UK
u_0773,Tuan Do,2021-09-11,UK
u_0774,Em Nguyen,2020-08-20,Korea
u_0775,Quang Le,2022-03-26,Korea
u_0776,Giang Hoang,2022-03-05,Vietnam
u_0777,Son Do,2022-11-26,Korea
u_0778,Yen Bui,2021-06-15,UK
u_0779,Yen Pham,2021-10-12,USA
u_0780,Quang Nguyen,2020-05-27,Vietnam
u_0781,Giang Hoang,2021-07-23,USA
u_0782,Em Nguyen,2020-07-26,USA
u_0783,Em Hoang,2021-09-08,Vietnam
u_0784,Binh Nguyen,2022-03-13,UK
u_0785,Son Phan,2022-01-09,Vietnam
u_0786,Tuan Vu,2020-10-18,Korea
u_0787,Xuan Hoang,2022-06-29,Japan
u_0788,Hien Tran,2022-07-02,France
u_0789,Tuan Hoang,2021-09-14,UK
u_0790,Khanh Le,2020-11-18,France
u_0791,Tuan Bui,2021-11-02,Japan
u_0792,Em Hoang,2021-05-11,France
u_0793,Giang Pham,2021-09-01,France
u_0794,Minh Dang,2021-05-08,Japan
u_0795,Khanh Le,2020-06-12,Vietnam
u_0796,Cuong Phan,2022-09-02,Vietnam
u_0797,Viet Phan,2021-02-10,Vietnam
u_0798,Em Bui,2021-10-23,USA
u_0799,Minh Tran,2020-12-19,Vietnam
u_0800,Long Hoang,2020-12-23,France
u_0801,Son Tran,2021-09-25,UK
u_0802,Xuan Dang,2020-09-22,Korea
u_0803,Hien Vu,2022-05-20,Vietnam
u_0804,Khanh Bui,2021-06-06,Japan
u_0805,Viet Tran,2020-07-22,Japan
u_0806,Tuan Dang,2021-10-27,Japan
u_0807,Son Hoang,2022-06-17,Japan
u_0808,Khanh Le,2021-12-17,USA
u_0809,Em Pham,2021-04-03,Korea
u_0810,Yen Pham,2022-02-13,France
u_0811,Em Hoang,2021-11-08,Korea
u_0812,Phuong Nguyen,2022-07-03,Japan
u_0813,Ngoc Bui,2022-07-31,UK
u_0814,Son Bui,2022-11-20,Japan
u_0815,Binh Hoang,2021-10-07,Japan
u_0816,An Nguyen,2021-06-16,Japan
u_0817,Long Dang,2020-05-15,Korea
u_0818,Xuan Vu,2022-09-15,Vietnam
u_0819,Giang Bui,2020-11-06,Vietnam
u_0820,Binh Bui,2020-12-01,UK
u_0821,Khanh Dang,2022-06-14,France
u_0822,Son Phan,2022-06-24,Japan
u_0823,Minh Pham,2022-06-27,Korea
u_0824,Cuong Pham,2021-01-15,USA
u_0825,Ngoc Do,2021-03-28,Korea
u_0826,Tuan Pham,2022-10-07,Vietnam
u_0827,Ngoc Bui,2022-04-05,Korea
u_0828,Long Do,2022-01-26,Vietnam
u_0829,Binh Pham,2021-12-30,USA
u_0830,Yen Bui,2020-09-24,Japan
u_0831,Tuan Hoang,2020-04-24,Vietnam
u_0832,Yen Phan,2021-06-24,France
u_0833,Binh Pham,2022-02-16,France
u_0834,Son Le,2021-09-11,Vietnam
u_0835,An Vu,2021-02-12,Korea
u_0836,Ngoc Nguyen,2022-07-16,Japan
u_0837,Quang Tran,2021-10-05,Japan
u_0838,Viet Pham,2022-09-18,Korea
u_0839,Giang Bui,2021-12-16,Korea
u_0840,Dung Nguyen,2021-01-11,Korea
u_0841,Minh Dang,2021-09-06,France
u_0842,Em Nguyen,2022-08-02,Korea
u_0843,Thanh Tran,2021-06-28,Japan
u_0844,Viet Pham,2020-08-30,France
u_0845,Khanh Bui,2021-08-28,UK
u_0846,Binh Pham,2021-08-22,Vietnam
u_0847,Son Le,2021-07-03,Vietnam
u_0848,Thanh Nguyen,2022-05-16,USA
u_0849,Hien Vu,2022-04-11,USA
u_0850,Yen Tran,2022-03-24,USA
u_0851,Cuong Tran,2020-10-17,Korea
u_0852,Cuong Le,2022-06-22,France
u_0853,Viet Bui,2021-12-30,Korea
u_0854,Phuong Nguyen,2020-07-08,Japan
u_0855,Viet Vu,2021-09-14,UK
u_0856,Binh Dang,2022-04-19,France
u_0857,An Hoang,2022-08-31,UK
u_0858,Cuong Vu,2022-01-05,Vietnam
u_0859,Khanh Do,2020-08-16,Korea
u_0860,Yen Tran,2022-02-26,Japan
u_0861,Em Hoang,2022-10-29,Korea
u_0862,Cuong Nguyen,2022-04-21,USA
u_0863,Ngoc Pham,2020-12-18,Vietnam
u_0864,An Le,2021-11-17,USA
u_0865,Long Pham,2021-09-07,France
u_0866,Xuan Hoang,2021-12-20,UK
u_0867,Son Nguyen,2021-05-28,USA
u_0868,Viet Vu,2020-11-30,Japan
u_0869,Long Phan,2020-07-17,UK
u_0870,Ngoc Tran,2022-09-25,USA
u_0871,Cuong Vu,2020-08-20,Japan
u_0872,Thanh Vu,2020-04-30,UK
u_0873,Son Tran,2022-10-31,Vietnam
u_0874,Giang Tran,2020-05-05,Vietnam
u_0875,Hien Hoang,2021-08-31,Vietnam
u_0876,An Nguyen,2022-05-31,Japan
u_0877,Ngoc Dang,2020-11-04,Korea
u_0878,Binh Hoang,2021-12-28,Korea
u_0879,Tuan Do,2021-06-23,Vietnam
u_0880,Khanh Pham,2021-06-25,France
u_0881,Dung Le,2022-02-01,Japan
u_0882,Cuong Pham,2022-12-02,UK
u_0883,Xuan Phan,2021-08-31,Vietnam
u_0884,Hien Vu,2021-02-23,Japan
u_0885,Em Bui,2020-05-02,Vietnam
u_0886,Viet Do,2022-06-03,UK
u_0887,Phuong Nguyen,2021-08-02,France
u_0888,Cuong Vu,2022-07-10,France
u_0889,Hien Dang,2021-11-19,UK
u_0890,Khanh Nguyen,2022-07-07,USA
u_0891,Minh Nguyen,2022-09-14,Korea
u_0892,Thanh Nguyen,2020-07-14,USA
u_0893,Yen Nguyen,2021-11-04,Vietnam
u_0894,Em Hoang,2021-04-30,Korea
u_0895,Yen Pham,2022-03-11,UK
u_0896,Son Phan,2022-07-06,UK
u_0897,Xuan Le,2021-05-31,France
u_0898,Thanh Hoang,2021-08-18,Vietnam
u_0899,Dung Le,2021-06-22,France
u_0900,Xuan Phan,2021-07-24,France
u_0901,Phuong Le,2020-12-27,France
u_0902,Thanh Do,2022-04-05,Japan
u_0903,Quang Le,2022-09-23,France
u_0904,Phuong Bui,2022-10-06,Korea
u_0905,Yen Hoang,2020-04-12,France
u_0906,Thanh Do,2020-12-17,USA
u_0907,Dung Nguyen,2022-01-11,UK
u_0908,Dung Hoang,2021-10-24,UK
u_0909,Binh Phan,2022-11-10,Vietnam
u_0910,Quang Phan,2022-08-19,Vietnam
u_0911,Quang Tran,2021-06-15,Korea
u_0912,Thanh Le,2021-10-11,Japan
u_0913,Hien Do,2022-08-03,Korea
u_0914,Son Hoang,2020-08-03,Vietnam
u_0915,Minh Do,2020-07-14,UK
u_0916,Xuan Do,2021-12-05,Vietnam
u_0917,Cuong Nguyen,2022-04-05,UK
u_0918,Hien Le,2022-03-10,France
u_0919,Em Hoang,2021-01-16,Korea
u_0920,Son Nguyen,2020-09-08,France
u_0921,Viet Hoang,2022-11-02,Korea
u_0922,An Dang,2022-05-22,USA
u_0923,Giang Tran,2022-06-22,UK
u_0924,Ngoc Dang,2020-06-18,Japan
u_0925,Minh Le,2020-12-02,USA
u_0926,Thanh Hoang,2021-02-22,France
u_0927,Quang Vu,2020-05-07,USA
u_0928,Binh Le,2021-07-23,USA
u_0929,Dung Le,2022-09-14,Vietnam
u_0930,Viet Pham,2022-08-25,USA
u_0931,Phuong Bui,2022-07-30,Japan
u_0932,Ngoc Dang,2020-07-06,Japan
u_0933,Xuan Phan,2022-06-06,France
u_0934,Phuong Bui,2022-09-08,Japan
u_0935,Viet Dang,2022-11-25,France
u_0936,Xuan Le,2021-11-05,France
u_0937,Giang Hoang,2022-11-12,Korea
u_0938,Khanh Le,2021-07-31,UK
u_0939,Xuan Dang,2020-07-18,France
u_0940,Xuan Tran,2020-04-08,Vietnam
u_0941,Khanh Dang,2021-04-28,Korea
u_0942,Son Bui,2021-11-15,Vietnam
u_0943,Khanh Tran,2021-04-05,USA
u_0944,An Tran,2022-03-28,UK
u_0945,Em Phan,2022-02-19,UK
u_0946,Binh Hoang,2020-08-13,UK
u_0947,Ngoc Hoang,2021-04-16,Korea
u_0948,Long Tran,2022-09-28,France
u_0949,Yen Vu,2022-04-23,Japan
u_0950,Binh Dang,2021-01-19,Japan
u_0951,Yen Nguyen,2021-08-31,UK
u_0952,An Vu,2021-09-23,Korea
u_0953,Dung Do,2020-12-20,UK
u_0954,Tuan Le,2020-04-14,USA
u_0955,Xuan Vu,2022-01-23,Korea
u_0956,Minh Vu,2022-04-24,USA
u_0957,Long Do,2021-02-02,France
u_0958,Yen Bui,2021-01-15,UK
u_0959,Quang Hoang,2022-07-07,USA
u_0960,Ngoc Pham,2021-02-21,Korea
u_0961,Khanh Le,2022-08-06,Vietnam
u_0962,Phuong Phan,2022-02-13,Vietnam
u_0963,Minh Bui,2021-08-09,UK
u_0964,Em Do,2022-08-09,Korea
u_0965,Quang Tran,2022-02-04,Korea
u_0966,Phuong Do,2021-03-02,Korea
u_0967,Thanh Dang,2020-04-18,Japan
u_0968,Ngoc Tran,2020-10-15,Japan
u_0969,Binh Do,2022-07-29,France
u_0970,Minh Le,2020-08-04,UK
u_0971,Cuong Dang,2022-09-13,UK
u_0972,Son Hoang,2022-07-29,USA
u_0973,Ngoc Pham,2021-05-22,Vietnam
u_0974,Son Phan,2022-03-01,France
u_0975,Son Tran,2022-05-30,USA
u_0976,Phuong Bui,2020-08-25,Korea
u_0977,Long Phan,2020-09-11,France
u_0978,Thanh Vu,2022-01-04,France
u_0979,Hien Dang,2021-08-03,Korea
u_0980,Quang Le,2021-01-04,UK
u_0981,Giang Phan,2022-06-09,UK
u_0982,Xuan Vu,2021-10-20,France
u_0983,Dung Nguyen,2020-08-08,Korea
u_0984,Xuan Phan,2020-09-27,Korea
u_0985,Tuan Vu,2022-04-20,USA
u_0986,Hien Phan,2021-12-16,Vietnam
u_0987,Dung Vu,2021-04-21,Korea
u_0988,Khanh Hoang,2021-07-25,USA
u_0989,An Pham,2020-05-23,UK
u_0990,An Tran,2020-12-16,Japan
u_0991,Phuong Nguyen,2022-06-22,Japan
u_0992,Giang Bui,2022-07-29,France
u_0993,Giang Le,2022-02-14,Vietnam
u_0994,Cuong Vu,2022-09-03,France
u_0995,Cuong Pham,2022-07-09,USA
u_0996,Yen Le,2020-12-26,France
u_0997,Hien Hoang,2020-12-06,USA
u_0998,Em Hoang,2020-12-27,Japan
u_0999,Cuong Phan,2021-05-08,Vietnam
u_1000,Son Phan,2021-03-29,UK
